ano_mes|year|page_path|account_id|account_name|webproperty_id|webproperty_name|webproperty_level|webproperty_website_url|profile_currency|profile_type|profile_website_url|profile_id|profile_name|users|bounces|new_users|pageviews|sessions|time_on_page|unique_pageviews|upload_time|info|period
12|2020|/|101785796|BR - Santander|UA-101785796-8|BR - Santander - Farol Santander|STANDARD|https://www.farolsantander.com.br|BRL|WEB|https://www.farolsantander.com.br|218018311|All Website data|21164|3552|19199|32901|24601|799360.0|24956|2021-02-21 23:33:18.052801|basic|month
12|2020|/?amp;utm_medium=coligadas&amp;utm_campaign=farol|101785796|BR - Santander|UA-101785796-8|BR - Santander - Farol Santander|STANDARD|https://www.farolsantander.com.br|BRL|WEB|https://www.farolsantander.com.br|218018311|All Website data|1|1|1|1|1|0.0|1|2021-02-21 23:33:18.052801|basic|month
12|2020|/nao-encontrado|101785796|BR - Santander|UA-101785796-8|BR - Santander - Farol Santander|STANDARD|https://www.farolsantander.com.br|BRL|WEB|https://www.farolsantander.com.br|218018311|All Website data|40|18|17|63|22|389.0|42|2021-02-21 23:33:18.052801|basic|month
12|2020|/poa|101785796|BR - Santander|UA-101785796-8|BR - Santander - Farol Santander|STANDARD|https://www.farolsantander.com.br|BRL|WEB|https://www.farolsantander.com.br|218018311|All Website data|1688|253|325|2546|438|83798.0|1839|2021-02-21 23:33:18.052801|basic|month
12|2020|"/poa?amp;amp;utm_medium=social-ads&amp;amp;utm_campaign=caps|pf|awar|face-feeds|farol-snt|cpm|na|snt|rede-social|interesses&amp;amp;utm_content=postanonovo|farol-snt|interesses|ano-novo|video|caps-haus|social-ads|m6568-16503-1&amp;amp;utm_mmm=:m6568-g16503-p16503[t550]5947:&amp;amp;utm_adid=m6568-16503-1&amp;amp;utm_publisher_id=&amp;amp;utm_id=fb_cmp-{{campaign.id}}_adg-{{adset.id}}_ad-{{ad.id}}"|101785796|BR - Santander|UA-101785796-8|BR - Santander - Farol Santander|STANDARD|https://www.farolsantander.com.br|BRL|WEB|https://www.farolsantander.com.br|218018311|All Website data|3|3|3|4|4|15.0|4|2021-02-21 23:33:18.052801|basic|month
12|2020|/poa?utm_mmm=:m6568-g16501-p16501[t550]5947:&utm_adid=m6568-16501-1&utm_publisher_id=|101785796|BR - Santander|UA-101785796-8|BR - Santander - Farol Santander|STANDARD|https://www.farolsantander.com.br|BRL|WEB|https://www.farolsantander.com.br|218018311|All Website data|30|29|28|33|31|149.0|31|2021-02-21 23:33:18.052801|basic|month
12|2020|/poa?utm_mmm=:m6568-g16502-p16502[t550]5947:&utm_adid=m6568-16502-1&utm_publisher_id=|101785796|BR - Santander|UA-101785796-8|BR - Santander - Farol Santander|STANDARD|https://www.farolsantander.com.br|BRL|WEB|https://www.farolsantander.com.br|218018311|All Website data|1|1|0|1|1|0.0|1|2021-02-21 23:33:18.052801|basic|month
12|2020|/poa?utm_mmm=:m6568-g16503-p16503[t550]5947:&utm_adid=m6568-16503-1&utm_publisher_id=|101785796|BR - Santander|UA-101785796-8|BR - Santander - Farol Santander|STANDARD|https://www.farolsantander.com.br|BRL|WEB|https://www.farolsantander.com.br|218018311|All Website data|22|22|21|22|22|0.0|22|2021-02-21 23:33:18.052801|basic|month
12|2020|/poa?utm_mmm=:m6569-g16508-p16508[t550]5948:&utm_adid=m6569-16508-1&utm_publisher_id=|101785796|BR - Santander|UA-101785796-8|BR - Santander - Farol Santander|STANDARD|https://www.farolsantander.com.br|BRL|WEB|https://www.farolsantander.com.br|218018311|All Website data|19|19|18|19|19|0.0|19|2021-02-21 23:33:18.052801|basic|month
12|2020|/poa?utm_mmm=:m6569-g16509-p16509[t550]5948:&utm_adid=m6569-16509-1&utm_publisher_id=|101785796|BR - Santander|UA-101785796-8|BR - Santander - Farol Santander|STANDARD|https://www.farolsantander.com.br|BRL|WEB|https://www.farolsantander.com.br|218018311|All Website data|1|1|0|1|1|0.0|1|2021-02-21 23:33:18.052801|basic|month
12|2020|/poa?utm_mmm=:m6569-g16529-p16529[t550]5948:&utm_adid=m6569-16529-1&utm_publisher_id=|101785796|BR - Santander|UA-101785796-8|BR - Santander - Farol Santander|STANDARD|https://www.farolsantander.com.br|BRL|WEB|https://www.farolsantander.com.br|218018311|All Website data|8|8|7|8|8|0.0|8|2021-02-21 23:33:18.052801|basic|month
12|2020|/poa?utm_mmm=:m6569-g16540-p16540[t550]5948:&utm_adid=m6569-16540-1&utm_publisher_id=|101785796|BR - Santander|UA-101785796-8|BR - Santander - Farol Santander|STANDARD|https://www.farolsantander.com.br|BRL|WEB|https://www.farolsantander.com.br|218018311|All Website data|55|53|54|56|55|73.0|55|2021-02-21 23:33:18.052801|basic|month
12|2020|/poa?utm_mmm=:m6569-g16542-p16542[t550]5948:&utm_adid=m6569-16542-1&utm_publisher_id=|101785796|BR - Santander|UA-101785796-8|BR - Santander - Farol Santander|STANDARD|https://www.farolsantander.com.br|BRL|WEB|https://www.farolsantander.com.br|218018311|All Website data|1|1|0|1|1|0.0|1|2021-02-21 23:33:18.052801|basic|month
12|2020|/poa?utm_mmm=:m6569-g16543-p16543[t550]5948:&utm_adid=m6569-16543-1&utm_publisher_id=|101785796|BR - Santander|UA-101785796-8|BR - Santander - Farol Santander|STANDARD|https://www.farolsantander.com.br|BRL|WEB|https://www.farolsantander.com.br|218018311|All Website data|25|25|24|25|25|0.0|25|2021-02-21 23:33:18.052801|basic|month
12|2020|/poa/|101785796|BR - Santander|UA-101785796-8|BR - Santander - Farol Santander|STANDARD|https://www.farolsantander.com.br|BRL|WEB|https://www.farolsantander.com.br|218018311|All Website data|34|0|0|35|1|366.0|35|2021-02-21 23:33:18.052801|basic|month
12|2020|/poa/agenda|101785796|BR - Santander|UA-101785796-8|BR - Santander - Farol Santander|STANDARD|https://www.farolsantander.com.br|BRL|WEB|https://www.farolsantander.com.br|218018311|All Website data|336|55|53|461|75|13555.0|362|2021-02-21 23:33:18.052801|basic|month
12|2020|/poa/agenda/cinema/cinema-1|101785796|BR - Santander|UA-101785796-8|BR - Santander - Farol Santander|STANDARD|https://www.farolsantander.com.br|BRL|WEB|https://www.farolsantander.com.br|218018311|All Website data|2|0|0|2|0|9.0|2|2021-02-21 23:33:18.052801|basic|month
12|2020|/poa/agenda/exposicoes/ceia|101785796|BR - Santander|UA-101785796-8|BR - Santander - Farol Santander|STANDARD|https://www.farolsantander.com.br|BRL|WEB|https://www.farolsantander.com.br|218018311|All Website data|14|0|0|25|1|1428.0|18|2021-02-21 23:33:18.052801|basic|month
12|2020|/poa/agenda/exposicoes/exp_1|101785796|BR - Santander|UA-101785796-8|BR - Santander - Farol Santander|STANDARD|https://www.farolsantander.com.br|BRL|WEB|https://www.farolsantander.com.br|218018311|All Website data|257|43|24|349|51|32151.0|303|2021-02-21 23:33:18.052801|basic|month
12|2020|"/poa/agenda/exposicoes/exp_1?amp;amp;utm_medium=social-ads&amp;amp;utm_campaign=caps|pf|awar|face-feeds|farol-snt|cpm|na|snt|rede-social|interesses&amp;amp;utm_content=nonotak|farol-snt|interesses|artes-e-exposicoes|video|caps-haus|social-ads|m6290-15495-1&amp;amp;utm_mmm=:m6290-g15495-p15495[t550]5680:&amp;amp;utm_adid=m6290-15495-1&amp;amp;utm_publisher_id=&amp;amp;utm_id=fb_cmp-{{campaign.id}}_adg-{{adset.id}}_ad-{{ad.id}}"|101785796|BR - Santander|UA-101785796-8|BR - Santander - Farol Santander|STANDARD|https://www.farolsantander.com.br|BRL|WEB|https://www.farolsantander.com.br|218018311|All Website data|2|2|1|2|2|0.0|2|2021-02-21 23:33:18.052801|basic|month
12|2020|"/poa/agenda/exposicoes/exp_1?amp;amp;utm_medium=social-ads&amp;amp;utm_campaign=caps|pf|awar|face-instagram|farol-snt|cpm|na|snt|rede-social|interesses&amp;amp;utm_content=nonotakgigantes|farol-snt|interesses|todos-que-engajaram-com-farolpoa|video|caps-haus|social-ads|m6569-16408-1&amp;amp;utm_mmm=:m6569-g16408-p16408[t550]5948:&amp;amp;utm_adid=m6569-16408-1&amp;amp;utm_publisher_id=&amp;amp;utm_id=fb_cmp-{{campaign.id}}_adg-{{adset.id}}_ad-{{ad.id}}"|101785796|BR - Santander|UA-101785796-8|BR - Santander - Farol Santander|STANDARD|https://www.farolsantander.com.br|BRL|WEB|https://www.farolsantander.com.br|218018311|All Website data|10|7|7|13|10|1175.0|10|2021-02-21 23:33:18.052801|basic|month
12|2020|"/poa/agenda/exposicoes/exp_1?amp;utm_medium=social-ads&amp;utm_campaign=caops|pf|awar|face-feeds|farol-snt|cpm|na|snt|rede-social|interesses&amp;utm_content=nonotakgigantes|farol-snt|interesses|todos-que-engajaram-com-farolpoa|video|caps-haus|social-ads|m6568-16407-1&amp;utm_mmm=:m6568-g16407-p16407[t550]5947:&amp;utm_adid=m6568-16407-1&amp;utm_publisher_id=&amp;utm_id=fb_cmp-{{campaign.id}}_adg-{{adset.id}}_ad-{{ad.id}}"|101785796|BR - Santander|UA-101785796-8|BR - Santander - Farol Santander|STANDARD|https://www.farolsantander.com.br|BRL|WEB|https://www.farolsantander.com.br|218018311|All Website data|22|21|20|23|22|59.0|22|2021-02-21 23:33:18.052801|basic|month
12|2020|/poa/agenda/exposicoes/exp_1?utm_mmm=:m6568-g16407-p16407[t550]5947:&utm_adid=m6568-16407-1&utm_publisher_id=|101785796|BR - Santander|UA-101785796-8|BR - Santander - Farol Santander|STANDARD|https://www.farolsantander.com.br|BRL|WEB|https://www.farolsantander.com.br|218018311|All Website data|1|0|0|3|1|22.0|1|2021-02-21 23:33:18.052801|basic|month
12|2020|/poa/agenda/exposicoes/exp_1?utm_mmm=:m6569-g16408-p16408[t550]5948:&utm_adid=m6569-16408-1&utm_publisher_id=|101785796|BR - Santander|UA-101785796-8|BR - Santander - Farol Santander|STANDARD|https://www.farolsantander.com.br|BRL|WEB|https://www.farolsantander.com.br|218018311|All Website data|21|20|20|23|21|71.0|21|2021-02-21 23:33:18.052801|basic|month
12|2020|/poa/agenda/exposicoes/exp_2|101785796|BR - Santander|UA-101785796-8|BR - Santander - Farol Santander|STANDARD|https://www.farolsantander.com.br|BRL|WEB|https://www.farolsantander.com.br|218018311|All Website data|35|16|21|41|21|610.0|36|2021-02-21 23:33:18.052801|basic|month
12|2020|/poa/agenda/exposicoes/exp_3|101785796|BR - Santander|UA-101785796-8|BR - Santander - Farol Santander|STANDARD|https://www.farolsantander.com.br|BRL|WEB|https://www.farolsantander.com.br|218018311|All Website data|49|8|4|74|9|4154.0|59|2021-02-21 23:33:18.052801|basic|month
12|2020|"/poa/agenda/exposicoes/exp_3?amp;amp;utm_medium=social-ads&amp;amp;utm_campaign=caps|pf|awar|face-stories|farol-snt|cpm|na|snt|rede-social|interesses&amp;amp;utm_content=contemporaneosempre|farol-snt|interesses|artes-e-exposicoes|video|caps-haus|social-ads|m6569-16539-1&amp;amp;utm_mmm=:m6569-g16539-p16539[t550]5948:&amp;amp;utm_adid=m6569-16539-1&amp;amp;utm_publisher_id=&amp;amp;utm_id=fb_cmp-{{campaign.id}}_adg-{{adset.id}}_ad-{{ad.id}}"|101785796|BR - Santander|UA-101785796-8|BR - Santander - Farol Santander|STANDARD|https://www.farolsantander.com.br|BRL|WEB|https://www.farolsantander.com.br|218018311|All Website data|2|2|2|2|2|0.0|2|2021-02-21 23:33:18.052801|basic|month
12|2020|"/poa/agenda/exposicoes/exp_3?amp;utm_medium=social-ads&amp;utm_campaign=caps|pf|awar|face-feeds|farol-snt|cpm|na|snt|rede-social|interesses&amp;utm_content=contemporaneosempre|farol-snt|interesses|artes-e-exposicoes|video|caps-haus|social-ads|m6290-15424-1&amp;utm_mmm=:m6290-g15424-p15424[t550]5680:&amp;utm_adid=m6290-15424-1&amp;utm_publisher_id=&amp;utm_id=fb_cmp-{{campaign.id}}_adg-{{adset.id}}_ad-{{ad.id}}"|101785796|BR - Santander|UA-101785796-8|BR - Santander - Farol Santander|STANDARD|https://www.farolsantander.com.br|BRL|WEB|https://www.farolsantander.com.br|218018311|All Website data|1|1|1|1|1|0.0|1|2021-02-21 23:33:18.052801|basic|month
12|2020|/poa/agenda/exposicoes/exp_3?utm_mmm=:m6568-g16223-p16223[t550]5947:&utm_adid=m6568-16223-1&utm_publisher_id=|101785796|BR - Santander|UA-101785796-8|BR - Santander - Farol Santander|STANDARD|https://www.farolsantander.com.br|BRL|WEB|https://www.farolsantander.com.br|218018311|All Website data|36|35|32|37|36|51.0|36|2021-02-21 23:33:18.052801|basic|month
12|2020|/poa/agenda/exposicoes/exp_3?utm_mmm=:m6568-g16500-p16500[t550]5947:&utm_adid=m6568-16500-1&utm_publisher_id=|101785796|BR - Santander|UA-101785796-8|BR - Santander - Farol Santander|STANDARD|https://www.farolsantander.com.br|BRL|WEB|https://www.farolsantander.com.br|218018311|All Website data|21|21|19|21|21|0.0|21|2021-02-21 23:33:18.052801|basic|month
12|2020|/poa/agenda/exposicoes/exp_3?utm_mmm=:m6569-g16225-p16225[t550]5948:&utm_adid=m6569-16225-1&utm_publisher_id=|101785796|BR - Santander|UA-101785796-8|BR - Santander - Farol Santander|STANDARD|https://www.farolsantander.com.br|BRL|WEB|https://www.farolsantander.com.br|218018311|All Website data|18|17|18|18|18|24.0|18|2021-02-21 23:33:18.052801|basic|month
12|2020|/poa/agenda/exposicoes/exp_3?utm_mmm=:m6569-g16229-p16229[t550]5948:&utm_adid=m6569-16229-1&utm_publisher_id=|101785796|BR - Santander|UA-101785796-8|BR - Santander - Farol Santander|STANDARD|https://www.farolsantander.com.br|BRL|WEB|https://www.farolsantander.com.br|218018311|All Website data|15|15|15|15|15|0.0|15|2021-02-21 23:33:18.052801|basic|month
12|2020|/poa/agenda/exposicoes/exp_3?utm_mmm=:m6569-g16507-p16507[t550]5948:&utm_adid=m6569-16507-1&utm_publisher_id=|101785796|BR - Santander|UA-101785796-8|BR - Santander - Farol Santander|STANDARD|https://www.farolsantander.com.br|BRL|WEB|https://www.farolsantander.com.br|218018311|All Website data|19|19|18|19|19|0.0|19|2021-02-21 23:33:18.052801|basic|month
12|2020|/poa/agenda/exposicoes/exp_3?utm_mmm=:m6569-g16539-p16539[t550]5948:&utm_adid=m6569-16539-1&utm_publisher_id=|101785796|BR - Santander|UA-101785796-8|BR - Santander - Farol Santander|STANDARD|https://www.farolsantander.com.br|BRL|WEB|https://www.farolsantander.com.br|218018311|All Website data|65|66|64|68|67|737.0|67|2021-02-21 23:33:18.052801|basic|month
12|2020|/poa/contato|101785796|BR - Santander|UA-101785796-8|BR - Santander - Farol Santander|STANDARD|https://www.farolsantander.com.br|BRL|WEB|https://www.farolsantander.com.br|218018311|All Website data|55|5|4|75|6|3225.0|58|2021-02-21 23:33:18.052801|basic|month
12|2020|/poa/eventos|101785796|BR - Santander|UA-101785796-8|BR - Santander - Farol Santander|STANDARD|https://www.farolsantander.com.br|BRL|WEB|https://www.farolsantander.com.br|218018311|All Website data|63|6|5|71|7|2691.0|66|2021-02-21 23:33:18.052801|basic|month
12|2020|/poa/o-farol/atrio|101785796|BR - Santander|UA-101785796-8|BR - Santander - Farol Santander|STANDARD|https://www.farolsantander.com.br|BRL|WEB|https://www.farolsantander.com.br|218018311|All Website data|68|43|53|69|53|396.0|68|2021-02-21 23:33:18.052801|basic|month
12|2020|/poa/o-farol/cine-farol-santander|101785796|BR - Santander|UA-101785796-8|BR - Santander - Farol Santander|STANDARD|https://www.farolsantander.com.br|BRL|WEB|https://www.farolsantander.com.br|218018311|All Website data|48|11|14|65|14|2952.0|51|2021-02-21 23:33:18.052801|basic|month
12|2020|/poa/o-farol/galeria|101785796|BR - Santander|UA-101785796-8|BR - Santander - Farol Santander|STANDARD|https://www.farolsantander.com.br|BRL|WEB|https://www.farolsantander.com.br|218018311|All Website data|59|8|6|78|11|2822.0|64|2021-02-21 23:33:18.052801|basic|month
12|2020|"/poa/o-farol/galeria?amp;amp;utm_medium=social-ads&amp;amp;utm_campaign=caps|pf|awar|face-stories|farol-snt|cpm|na|snt|rede-social|interesses&amp;amp;utm_content=memoriaeidentidade|farol-snt|interesses|artes-e-exposicoes|video|caps-haus|social-ads|m6569-16534-1&amp;amp;utm_mmm=:m6569-g16534-p16534[t550]5948:&amp;amp;utm_adid=m6569-16534-1&amp;amp;utm_publisher_id=&amp;amp;utm_id=fb_cmp-{{campaign.id}}_adg-{{adset.id}}_ad-{{ad.id}}"|101785796|BR - Santander|UA-101785796-8|BR - Santander - Farol Santander|STANDARD|https://www.farolsantander.com.br|BRL|WEB|https://www.farolsantander.com.br|218018311|All Website data|3|3|3|3|3|0.0|3|2021-02-21 23:33:18.052801|basic|month
12|2020|/poa/o-farol/galeria?utm_mmm=:m6568-g16497-p16497[t550]5947:&utm_adid=m6568-16497-1&utm_publisher_id=|101785796|BR - Santander|UA-101785796-8|BR - Santander - Farol Santander|STANDARD|https://www.farolsantander.com.br|BRL|WEB|https://www.farolsantander.com.br|218018311|All Website data|21|20|20|22|21|19.0|21|2021-02-21 23:33:18.052801|basic|month
12|2020|/poa/o-farol/galeria?utm_mmm=:m6569-g16504-p16504[t550]5948:&utm_adid=m6569-16504-1&utm_publisher_id=|101785796|BR - Santander|UA-101785796-8|BR - Santander - Farol Santander|STANDARD|https://www.farolsantander.com.br|BRL|WEB|https://www.farolsantander.com.br|218018311|All Website data|17|18|16|21|19|556.0|19|2021-02-21 23:33:18.052801|basic|month
12|2020|/poa/o-farol/galeria?utm_mmm=:m6569-g16534-p16534[t550]5948:&utm_adid=m6569-16534-1&utm_publisher_id=|101785796|BR - Santander|UA-101785796-8|BR - Santander - Farol Santander|STANDARD|https://www.farolsantander.com.br|BRL|WEB|https://www.farolsantander.com.br|218018311|All Website data|17|22|16|22|22|0.0|22|2021-02-21 23:33:18.052801|basic|month
12|2020|/poa/o-farol/grande-hall|101785796|BR - Santander|UA-101785796-8|BR - Santander - Farol Santander|STANDARD|https://www.farolsantander.com.br|BRL|WEB|https://www.farolsantander.com.br|218018311|All Website data|35|11|16|36|16|613.0|35|2021-02-21 23:33:18.052801|basic|month
12|2020|/poa/o-farol/restaurante-moeda|101785796|BR - Santander|UA-101785796-8|BR - Santander - Farol Santander|STANDARD|https://www.farolsantander.com.br|BRL|WEB|https://www.farolsantander.com.br|218018311|All Website data|26|3|3|31|3|1777.0|26|2021-02-21 23:33:18.052801|basic|month
12|2020|/poa/o-farol/subsolo|101785796|BR - Santander|UA-101785796-8|BR - Santander - Farol Santander|STANDARD|https://www.farolsantander.com.br|BRL|WEB|https://www.farolsantander.com.br|218018311|All Website data|66|1|0|82|1|6135.0|69|2021-02-21 23:33:18.052801|basic|month
12|2020|"/poa/o-farol/subsolo?amp;amp;utm_medium=social-ads&amp;amp;utm_campaign=caps|pf|awar|face-stories|farol-snt|cpm|na|snt|rede-social|interesses&amp;amp;utm_content=ooutroladodamoeda|farol-snt|interesses|artes-e-exposicoes|video|caps-haus|social-ads|m6569-16538-1&amp;amp;utm_mmm=:m6569-g16538-p16538[t550]5948:&amp;amp;utm_adid=m6569-16538-1&amp;amp;utm_publisher_id=&amp;amp;utm_id=fb_cmp-{{campaign.id}}_adg-{{adset.id}}_ad-{{ad.id}}"|101785796|BR - Santander|UA-101785796-8|BR - Santander - Farol Santander|STANDARD|https://www.farolsantander.com.br|BRL|WEB|https://www.farolsantander.com.br|218018311|All Website data|2|2|2|2|2|0.0|2|2021-02-21 23:33:18.052801|basic|month
12|2020|/poa/o-farol/subsolo?utm_mmm=:m6293-g15508-p15508[t550]5682:&utm_adid=m6293-15508-1&utm_publisher_id=|101785796|BR - Santander|UA-101785796-8|BR - Santander - Farol Santander|STANDARD|https://www.farolsantander.com.br|BRL|WEB|https://www.farolsantander.com.br|218018311|All Website data|1|3|1|3|3|0.0|3|2021-02-21 23:33:18.052801|basic|month
12|2020|/poa/o-farol/subsolo?utm_mmm=:m6568-g16499-p16499[t550]5947:&utm_adid=m6568-16499-1&utm_publisher_id=|101785796|BR - Santander|UA-101785796-8|BR - Santander - Farol Santander|STANDARD|https://www.farolsantander.com.br|BRL|WEB|https://www.farolsantander.com.br|218018311|All Website data|28|27|27|29|28|6.0|28|2021-02-21 23:33:18.052801|basic|month
12|2020|/poa/o-farol/subsolo?utm_mmm=:m6569-g16506-p16506[t550]5948:&utm_adid=m6569-16506-1&utm_publisher_id=|101785796|BR - Santander|UA-101785796-8|BR - Santander - Farol Santander|STANDARD|https://www.farolsantander.com.br|BRL|WEB|https://www.farolsantander.com.br|218018311|All Website data|17|18|16|18|18|0.0|18|2021-02-21 23:33:18.052801|basic|month
12|2020|/poa/o-farol/subsolo?utm_mmm=:m6569-g16538-p16538[t550]5948:&utm_adid=m6569-16538-1&utm_publisher_id=|101785796|BR - Santander|UA-101785796-8|BR - Santander - Farol Santander|STANDARD|https://www.farolsantander.com.br|BRL|WEB|https://www.farolsantander.com.br|218018311|All Website data|14|13|13|15|14|551.0|14|2021-02-21 23:33:18.052801|basic|month
12|2020|/poa/planeje-sua-visita|101785796|BR - Santander|UA-101785796-8|BR - Santander - Farol Santander|STANDARD|https://www.farolsantander.com.br|BRL|WEB|https://www.farolsantander.com.br|218018311|All Website data|535|73|49|691|79|34357.0|567|2021-02-21 23:33:18.052801|basic|month
12|2020|/poa/sobre|101785796|BR - Santander|UA-101785796-8|BR - Santander - Farol Santander|STANDARD|https://www.farolsantander.com.br|BRL|WEB|https://www.farolsantander.com.br|218018311|All Website data|90|9|6|105|11|3138.0|95|2021-02-21 23:33:18.052801|basic|month
12|2020|/sp|101785796|BR - Santander|UA-101785796-8|BR - Santander - Farol Santander|STANDARD|https://www.farolsantander.com.br|BRL|WEB|https://www.farolsantander.com.br|218018311|All Website data|18555|976|1043|32484|2383|1012711.0|22560|2021-02-21 23:33:18.052801|basic|month
12|2020|"/sp?amp;amp;utm_medium=social-ads&amp;amp;utm_campaign=caps|pf|awar|face-feeds|farol-snt|cpm|na|snt|rede-social|interesses&amp;amp;utm_content=espacomemoria|farol-snt|interesses|artes-e-exposicoes|video|caps-haus|social-ads|m6290-15466-1&amp;amp;utm_mmm=:m6290-g15466-p15466[t550]5680:&amp;amp;utm_adid=m6290-15466-1&amp;amp;utm_publisher_id=&amp;amp;utm_id=fb_cmp-{{campaign.id}}_adg-{{adset.id}}_ad-{{ad.id}}"|101785796|BR - Santander|UA-101785796-8|BR - Santander - Farol Santander|STANDARD|https://www.farolsantander.com.br|BRL|WEB|https://www.farolsantander.com.br|218018311|All Website data|1|1|1|1|1|0.0|1|2021-02-21 23:33:18.052801|basic|month
12|2020|"/sp?amp;amp;utm_medium=social-ads&amp;amp;utm_campaign=caps|pf|awar|face-feeds|farol-snt|cpm|na|snt|rede-social|interesses&amp;amp;utm_content=tbtnovoespacofarol|farol-snt|interesses|artes-e-exposicoes|video|caps-haus|social-ads|m6290-15467-1&amp;amp;utm_mmm=:m6290-g15467-p15467[t550]5680:&amp;amp;utm_adid=m6290-15467-1&amp;amp;utm_publisher_id=&amp;amp;utm_id=fb_cmp-{{campaign.id}}_adg-{{adset.id}}_ad-{{ad.id}}"|101785796|BR - Santander|UA-101785796-8|BR - Santander - Farol Santander|STANDARD|https://www.farolsantander.com.br|BRL|WEB|https://www.farolsantander.com.br|218018311|All Website data|3|3|3|4|4|23.0|4|2021-02-21 23:33:18.052801|basic|month
12|2020|"/sp?amp;amp;utm_medium=social-ads&amp;amp;utm_campaign=caps|pf|awar|face-instagram|farol-snt|cpm|na|snt|rede-social|interesses&amp;amp;utm_content=coberturaexfinito|farol-snt|interesses|artes-e-exposicoes|video|caps-haus|social-ads|m6569-16785-1&amp;amp;utm_mmm=:m6569-g16785-p16785[t550]5948:&amp;amp;utm_adid=m6569-16785-1&amp;amp;utm_publisher_id=&amp;amp;utm_id=fb_cmp-{{campaign.id}}_adg-{{adset.id}}_ad-{{ad.id}}"|101785796|BR - Santander|UA-101785796-8|BR - Santander - Farol Santander|STANDARD|https://www.farolsantander.com.br|BRL|WEB|https://www.farolsantander.com.br|218018311|All Website data|18|22|16|26|24|1436.0|24|2021-02-21 23:33:18.052801|basic|month
12|2020|"/sp?amp;amp;utm_medium=social-ads&amp;amp;utm_campaign=caps|pf|awar|face-stories|farol-snt|cpm|na|snt|rede-social|interesses&amp;amp;utm_content=aberturafarollojafarol|farol-snt|interesses|artes-e-exposicoes|video|caps-haus|social-ads|m6569-16220-1&amp;amp;utm_mmm=:m6569-g16220-p16220[t550]5948:&amp;amp;utm_adid=m6569-16220-1&amp;amp;utm_publisher_id=&amp;amp;utm_id=fb_cmp-{{campaign.id}}_adg-{{adset.id}}_ad-{{ad.id}}"|101785796|BR - Santander|UA-101785796-8|BR - Santander - Farol Santander|STANDARD|https://www.farolsantander.com.br|BRL|WEB|https://www.farolsantander.com.br|218018311|All Website data|263|342|195|395|365|4420.0|367|2021-02-21 23:33:18.052801|basic|month
12|2020|"/sp?amp;amp;utm_medium=social-ads&amp;amp;utm_campaign=caps|pf|awar|face-stories|farol-snt|cpm|na|snt|rede-social|interesses&amp;amp;utm_content=coberturaexfinito|farol-snt|interesses|artes-e-exposicoes|video|caps-haus|social-ads|m6569-16491-2&amp;amp;utm_mmm=:m6569-g16491-p16491[t550]5948:&amp;amp;utm_adid=m6569-16491-2&amp;amp;utm_publisher_id=&amp;amp;utm_id=fb_cmp-{{campaign.id}}_adg-{{adset.id}}_ad-{{ad.id}}"|101785796|BR - Santander|UA-101785796-8|BR - Santander - Farol Santander|STANDARD|https://www.farolsantander.com.br|BRL|WEB|https://www.farolsantander.com.br|218018311|All Website data|232|290|163|331|311|2668.0|311|2021-02-21 23:33:18.052801|basic|month
12|2020|"/sp?amp;amp;utm_medium=social-ads&amp;amp;utm_campaign=caps|pf|awar|face-stories|farol-snt|cpm|na|snt|rede-social|interesses&amp;amp;utm_content=programacaofimdeano|farol-snt|interesses|fim-de-ano|video|caps-haus|social-ads|m6569-16492-1&amp;amp;utm_mmm=:m6569-g16492-p16492[t550]5948:&amp;amp;utm_adid=m6569-16492-1&amp;amp;utm_publisher_id=&amp;amp;utm_id=fb_cmp-{{campaign.id}}_adg-{{adset.id}}_ad-{{ad.id}}"|101785796|BR - Santander|UA-101785796-8|BR - Santander - Farol Santander|STANDARD|https://www.farolsantander.com.br|BRL|WEB|https://www.farolsantander.com.br|218018311|All Website data|112|134|78|155|143|513.0|144|2021-02-21 23:33:18.052801|basic|month
12|2020|"/sp?amp;amp;utm_medium=social-ads&amp;amp;utm_campaign=caps|pf|consid|face-instagram|farol-snt|cpm|na|snt|rede-social|interesses&amp;amp;utm_content=inauguracaodohall|farol-snt|interesses|artes-e-exposicoes|video|caps-haus|social-ads|m6569-16886-1&amp;amp;utm_mmm=:m6569-g16886-p16886[t550]5948:&amp;amp;utm_adid=m6569-16886-1&amp;amp;utm_publisher_id=&amp;amp;utm_id=fb_cmp-{{campaign.id}}_adg-{{adset.id}}_ad-{{ad.id}}"|101785796|BR - Santander|UA-101785796-8|BR - Santander - Farol Santander|STANDARD|https://www.farolsantander.com.br|BRL|WEB|https://www.farolsantander.com.br|218018311|All Website data|21|26|14|27|26|0.0|27|2021-02-21 23:33:18.052801|basic|month
12|2020|"/sp?amp;utm_medium=social-ads&amp;utm_campaign=caps|pf|awar|face-feeds|farol-snt|cpm|na|snt|rede-social|interesses&amp;utm_content=aberturafarollojafarol1|farol-snt|interesses|artes-e-exposicoes|video|caps-haus|social-ads|m6568-16199-1&amp;utm_mmm=:m6568-g16199-p16199[t550]5947:&amp;utm_adid=m6568-16199-1&amp;utm_publisher_id=&amp;utm_id=fb_cmp-{{campaign.id}}_adg-{{adset.id}}_ad-{{ad.id}}"|101785796|BR - Santander|UA-101785796-8|BR - Santander - Farol Santander|STANDARD|https://www.farolsantander.com.br|BRL|WEB|https://www.farolsantander.com.br|218018311|All Website data|6|7|3|12|9|52.0|10|2021-02-21 23:33:18.052801|basic|month
12|2020|"/sp?amp;utm_medium=social-ads&amp;utm_campaign=caps|pf|awar|face-feeds|farol-snt|cpm|na|snt|rede-social|interesses&amp;utm_content=coberturaexfinito|farol-snt|interesses|artes-e-exposicoes|video|caps-haus|social-ads|m6568-16472-1&amp;utm_mmm=:m6568-g16472-p16472[t550]5947:&amp;utm_adid=m6568-16472-1&amp;utm_publisher_id=&amp;utm_id=fb_cmp-{{campaign.id}}_adg-{{adset.id}}_ad-{{ad.id}}"|101785796|BR - Santander|UA-101785796-8|BR - Santander - Farol Santander|STANDARD|https://www.farolsantander.com.br|BRL|WEB|https://www.farolsantander.com.br|218018311|All Website data|9|11|6|12|12|89.0|12|2021-02-21 23:33:18.052801|basic|month
12|2020|"/sp?amp;utm_medium=social-ads&amp;utm_campaign=caps|pf|awar|face-feeds|farol-snt|cpm|na|snt|rede-social|interesses&amp;utm_content=coberturaexfinito|farol-snt|interesses|artes-e-exposicoes|video|caps-haus|social-ads|m6568-16496-1&amp;utm_mmm=:m6568-g16496-p16496[t550]5947:&amp;utm_adid=m6568-16496-1&amp;utm_publisher_id=&amp;utm_id=fb_cmp-{{campaign.id}}_adg-{{adset.id}}_ad-{{ad.id}}"|101785796|BR - Santander|UA-101785796-8|BR - Santander - Farol Santander|STANDARD|https://www.farolsantander.com.br|BRL|WEB|https://www.farolsantander.com.br|218018311|All Website data|6|7|4|10|8|53.0|8|2021-02-21 23:33:18.052801|basic|month
12|2020|"/sp?amp;utm_medium=social-ads&amp;utm_campaign=caps|pf|awar|face-feeds|farol-snt|cpm|na|snt|rede-social|interesses&amp;utm_content=inauguracaodohall|farol-snt|interesses|artes-e-exposicoes|video|caps-haus|social-ads|m6568-16884-1&amp;utm_mmm=:m6568-g16884-p16884[t550]5947:&amp;utm_adid=m6568-16884-1&amp;utm_publisher_id=&amp;utm_id=fb_cmp-{{campaign.id}}_adg-{{adset.id}}_ad-{{ad.id}}"|101785796|BR - Santander|UA-101785796-8|BR - Santander - Farol Santander|STANDARD|https://www.farolsantander.com.br|BRL|WEB|https://www.farolsantander.com.br|218018311|All Website data|4|6|2|6|6|0.0|6|2021-02-21 23:33:18.052801|basic|month
12|2020|"/sp?amp;utm_medium=social-ads&amp;utm_campaign=caps|pf|consid|face-feeds|farol-snt|cpv|na|snt|rede-social|interesses&amp;utm_content=jeeyounglee|farol-snt|interesses|artes-e-exposicoes|video|caps-haus|social-ads|m5962-14294-1&amp;utm_mmm=:m5962-g14294-p14294[t550]5367:&amp;utm_adid=m5962-14294-1&amp;utm_publisher_id=&amp;utm_id=fb_cmp-{{campaign.id}}_adg-{{adset.id}}_ad-{{ad.id}}"|101785796|BR - Santander|UA-101785796-8|BR - Santander - Farol Santander|STANDARD|https://www.farolsantander.com.br|BRL|WEB|https://www.farolsantander.com.br|218018311|All Website data|1|2|1|2|2|0.0|2|2021-02-21 23:33:18.052801|basic|month
12|2020|/sp?utm_mmm=:m5962-g14303-p14303[t550]5367:&utm_adid=m5962-14303-1&utm_publisher_id=|101785796|BR - Santander|UA-101785796-8|BR - Santander - Farol Santander|STANDARD|https://www.farolsantander.com.br|BRL|WEB|https://www.farolsantander.com.br|218018311|All Website data|2|2|1|2|2|0.0|2|2021-02-21 23:33:18.052801|basic|month
12|2020|/sp?utm_mmm=:m5962-g14307-p14307[t550]5367:&utm_adid=m5962-14307-1&utm_publisher_id=|101785796|BR - Santander|UA-101785796-8|BR - Santander - Farol Santander|STANDARD|https://www.farolsantander.com.br|BRL|WEB|https://www.farolsantander.com.br|218018311|All Website data|5|13|4|13|13|0.0|13|2021-02-21 23:33:18.052801|basic|month
12|2020|/sp?utm_mmm=:m5963-g14339-p14339[t550]5368:&utm_adid=m5963-14339-1&utm_publisher_id=|101785796|BR - Santander|UA-101785796-8|BR - Santander - Farol Santander|STANDARD|https://www.farolsantander.com.br|BRL|WEB|https://www.farolsantander.com.br|218018311|All Website data|1|0|0|2|1|30.0|1|2021-02-21 23:33:18.052801|basic|month
12|2020|/sp?utm_mmm=:m6290-g15434-p15434[t550]5680:&utm_adid=m6290-15434-1&utm_publisher_id=|101785796|BR - Santander|UA-101785796-8|BR - Santander - Farol Santander|STANDARD|https://www.farolsantander.com.br|BRL|WEB|https://www.farolsantander.com.br|218018311|All Website data|1|2|1|2|2|0.0|2|2021-02-21 23:33:18.052801|basic|month
12|2020|/sp?utm_mmm=:m6290-g15438-p15438[t1048]5680:&utm_adid=m6290-15438-1&utm_publisher_id=|101785796|BR - Santander|UA-101785796-8|BR - Santander - Farol Santander|STANDARD|https://www.farolsantander.com.br|BRL|WEB|https://www.farolsantander.com.br|218018311|All Website data|1|1|1|1|1|0.0|1|2021-02-21 23:33:18.052801|basic|month
12|2020|/sp?utm_mmm=:m6290-g15466-p15466[t550]5680:&utm_adid=m6290-15466-1&utm_publisher_id=|101785796|BR - Santander|UA-101785796-8|BR - Santander - Farol Santander|STANDARD|https://www.farolsantander.com.br|BRL|WEB|https://www.farolsantander.com.br|218018311|All Website data|1|1|1|1|1|0.0|1|2021-02-21 23:33:18.052801|basic|month
12|2020|/sp?utm_mmm=:m6329-g15897-p15897[t858]5713:&utm_adid=m6329-15897-1&utm_publisher_id=|101785796|BR - Santander|UA-101785796-8|BR - Santander - Farol Santander|STANDARD|https://www.farolsantander.com.br|BRL|WEB|https://www.farolsantander.com.br|218018311|All Website data|1|1|1|1|1|0.0|1|2021-02-21 23:33:18.052801|basic|month
12|2020|/sp?utm_mmm=:m6568-g16199-p16199[t550]5947:&utm_adid=m6568-16199-1&utm_publisher_id=|101785796|BR - Santander|UA-101785796-8|BR - Santander - Farol Santander|STANDARD|https://www.farolsantander.com.br|BRL|WEB|https://www.farolsantander.com.br|218018311|All Website data|55|54|54|56|55|41.0|55|2021-02-21 23:33:18.052801|basic|month
12|2020|/sp?utm_mmm=:m6568-g16470-p16470[t550]5947:&utm_adid=m6568-16470-1&utm_publisher_id=|101785796|BR - Santander|UA-101785796-8|BR - Santander - Farol Santander|STANDARD|https://www.farolsantander.com.br|BRL|WEB|https://www.farolsantander.com.br|218018311|All Website data|1|0|0|2|1|61.0|1|2021-02-21 23:33:18.052801|basic|month
12|2020|/sp?utm_mmm=:m6568-g16471-p16471[t550]5947:&utm_adid=m6568-16471-1&utm_publisher_id=|101785796|BR - Santander|UA-101785796-8|BR - Santander - Farol Santander|STANDARD|https://www.farolsantander.com.br|BRL|WEB|https://www.farolsantander.com.br|218018311|All Website data|74|74|73|80|77|10.0|77|2021-02-21 23:33:18.052801|basic|month
12|2020|/sp?utm_mmm=:m6568-g16472-p16472[t550]5947:&utm_adid=m6568-16472-1&utm_publisher_id=|101785796|BR - Santander|UA-101785796-8|BR - Santander - Farol Santander|STANDARD|https://www.farolsantander.com.br|BRL|WEB|https://www.farolsantander.com.br|218018311|All Website data|21|20|20|26|23|34.0|23|2021-02-21 23:33:18.052801|basic|month
12|2020|/sp?utm_mmm=:m6568-g16473-p16473[t550]5947:&utm_adid=m6568-16473-1&utm_publisher_id=|101785796|BR - Santander|UA-101785796-8|BR - Santander - Farol Santander|STANDARD|https://www.farolsantander.com.br|BRL|WEB|https://www.farolsantander.com.br|218018311|All Website data|1|1|0|1|1|0.0|1|2021-02-21 23:33:18.052801|basic|month
12|2020|/sp?utm_mmm=:m6568-g16496-p16496[t550]5947:&utm_adid=m6568-16496-1&utm_publisher_id=|101785796|BR - Santander|UA-101785796-8|BR - Santander - Farol Santander|STANDARD|https://www.farolsantander.com.br|BRL|WEB|https://www.farolsantander.com.br|218018311|All Website data|40|39|39|43|41|6.0|41|2021-02-21 23:33:18.052801|basic|month
12|2020|/sp?utm_mmm=:m6568-g16884-p16884[t550]5947:&utm_adid=m6568-16884-1&utm_publisher_id=|101785796|BR - Santander|UA-101785796-8|BR - Santander - Farol Santander|STANDARD|https://www.farolsantander.com.br|BRL|WEB|https://www.farolsantander.com.br|218018311|All Website data|56|55|55|61|58|698.0|58|2021-02-21 23:33:18.052801|basic|month
12|2020|/sp?utm_mmm=:m6569-g16197-p16197[t550]5948:&utm_adid=m6569-16197-1&utm_publisher_id=|101785796|BR - Santander|UA-101785796-8|BR - Santander - Farol Santander|STANDARD|https://www.farolsantander.com.br|BRL|WEB|https://www.farolsantander.com.br|218018311|All Website data|42|40|42|42|42|48.0|42|2021-02-21 23:33:18.052801|basic|month
12|2020|/sp?utm_mmm=:m6569-g16220-p16220[t550]5948:&utm_adid=m6569-16220-1&utm_publisher_id=|101785796|BR - Santander|UA-101785796-8|BR - Santander - Farol Santander|STANDARD|https://www.farolsantander.com.br|BRL|WEB|https://www.farolsantander.com.br|218018311|All Website data|33|32|33|34|34|12.0|34|2021-02-21 23:33:18.052801|basic|month
12|2020|/sp?utm_mmm=:m6569-g16453-p16453[t550]5948:&utm_adid=m6569-16453-1&utm_publisher_id=|101785796|BR - Santander|UA-101785796-8|BR - Santander - Farol Santander|STANDARD|https://www.farolsantander.com.br|BRL|WEB|https://www.farolsantander.com.br|218018311|All Website data|26|25|23|27|26|4.0|26|2021-02-21 23:33:18.052801|basic|month
12|2020|/sp?utm_mmm=:m6569-g16464-p16464[t550]5948:&utm_adid=m6569-16464-1&utm_publisher_id=|101785796|BR - Santander|UA-101785796-8|BR - Santander - Farol Santander|STANDARD|https://www.farolsantander.com.br|BRL|WEB|https://www.farolsantander.com.br|218018311|All Website data|1|0|0|2|1|12.0|1|2021-02-21 23:33:18.052801|basic|month
12|2020|/sp?utm_mmm=:m6569-g16479-p16479[t550]5948:&utm_adid=m6569-16479-1&utm_publisher_id=|101785796|BR - Santander|UA-101785796-8|BR - Santander - Farol Santander|STANDARD|https://www.farolsantander.com.br|BRL|WEB|https://www.farolsantander.com.br|218018311|All Website data|13|11|11|15|13|24.0|13|2021-02-21 23:33:18.052801|basic|month
12|2020|/sp?utm_mmm=:m6569-g16480-p16480[t550]5948:&utm_adid=m6569-16480-1&utm_publisher_id=|101785796|BR - Santander|UA-101785796-8|BR - Santander - Farol Santander|STANDARD|https://www.farolsantander.com.br|BRL|WEB|https://www.farolsantander.com.br|218018311|All Website data|1|0|0|2|1|53.0|1|2021-02-21 23:33:18.052801|basic|month
12|2020|/sp?utm_mmm=:m6569-g16481-p16481[t550]5948:&utm_adid=m6569-16481-1&utm_publisher_id=|101785796|BR - Santander|UA-101785796-8|BR - Santander - Farol Santander|STANDARD|https://www.farolsantander.com.br|BRL|WEB|https://www.farolsantander.com.br|218018311|All Website data|27|24|26|31|29|1149.0|29|2021-02-21 23:33:18.052801|basic|month
12|2020|/sp?utm_mmm=:m6569-g16484-p16484[t550]5948:&utm_adid=m6569-16484-1&utm_publisher_id=|101785796|BR - Santander|UA-101785796-8|BR - Santander - Farol Santander|STANDARD|https://www.farolsantander.com.br|BRL|WEB|https://www.farolsantander.com.br|218018311|All Website data|1|0|0|2|1|93.0|1|2021-02-21 23:33:18.052801|basic|month
12|2020|/sp?utm_mmm=:m6569-g16491-p16491[t550]5948:&utm_adid=m6569-16491-2&utm_publisher_id=|101785796|BR - Santander|UA-101785796-8|BR - Santander - Farol Santander|STANDARD|https://www.farolsantander.com.br|BRL|WEB|https://www.farolsantander.com.br|218018311|All Website data|49|43|48|52|50|88.0|50|2021-02-21 23:33:18.052801|basic|month
12|2020|/sp?utm_mmm=:m6569-g16492-p16492[t550]5948:&utm_adid=m6569-16492-1&utm_publisher_id=|101785796|BR - Santander|UA-101785796-8|BR - Santander - Farol Santander|STANDARD|https://www.farolsantander.com.br|BRL|WEB|https://www.farolsantander.com.br|218018311|All Website data|20|18|17|22|21|23.0|21|2021-02-21 23:33:18.052801|basic|month
12|2020|/sp?utm_mmm=:m6569-g16493-p16493[t550]5948:&utm_adid=m6569-16493-1&utm_publisher_id=|101785796|BR - Santander|UA-101785796-8|BR - Santander - Farol Santander|STANDARD|https://www.farolsantander.com.br|BRL|WEB|https://www.farolsantander.com.br|218018311|All Website data|1|0|0|2|1|4.0|1|2021-02-21 23:33:18.052801|basic|month
12|2020|/sp?utm_mmm=:m6569-g16495-p16495[t550]5948:&utm_adid=m6569-16495-1&utm_publisher_id=|101785796|BR - Santander|UA-101785796-8|BR - Santander - Farol Santander|STANDARD|https://www.farolsantander.com.br|BRL|WEB|https://www.farolsantander.com.br|218018311|All Website data|80|83|73|97|94|217.0|94|2021-02-21 23:33:18.052801|basic|month
12|2020|/sp?utm_mmm=:m6569-g16785-p16785[t550]5948:&utm_adid=m6569-16785-1&utm_publisher_id=|101785796|BR - Santander|UA-101785796-8|BR - Santander - Farol Santander|STANDARD|https://www.farolsantander.com.br|BRL|WEB|https://www.farolsantander.com.br|218018311|All Website data|30|29|28|35|32|117.0|32|2021-02-21 23:33:18.052801|basic|month
12|2020|/sp?utm_mmm=:m6569-g16886-p16886[t550]5948:&utm_adid=m6569-16886-1&utm_publisher_id=|101785796|BR - Santander|UA-101785796-8|BR - Santander - Farol Santander|STANDARD|https://www.farolsantander.com.br|BRL|WEB|https://www.farolsantander.com.br|218018311|All Website data|26|26|25|29|28|67.0|28|2021-02-21 23:33:18.052801|basic|month
12|2020|/sp?utm_mmm=:m6569-g16887-p16887[t550]5948:&utm_adid=m6569-16887-1&utm_publisher_id=|101785796|BR - Santander|UA-101785796-8|BR - Santander - Farol Santander|STANDARD|https://www.farolsantander.com.br|BRL|WEB|https://www.farolsantander.com.br|218018311|All Website data|66|66|65|66|66|0.0|66|2021-02-21 23:33:18.052801|basic|month
12|2020|/sp/404|101785796|BR - Santander|UA-101785796-8|BR - Santander - Farol Santander|STANDARD|https://www.farolsantander.com.br|BRL|WEB|https://www.farolsantander.com.br|218018311|All Website data|4|1|0|4|1|2.0|4|2021-02-21 23:33:18.052801|basic|month
12|2020|/sp/aconteceu-no-farol|101785796|BR - Santander|UA-101785796-8|BR - Santander - Farol Santander|STANDARD|https://www.farolsantander.com.br|BRL|WEB|https://www.farolsantander.com.br|218018311|All Website data|188|31|26|279|38|6284.0|197|2021-02-21 23:33:18.052801|basic|month
12|2020|/sp/aconteceu-no-farol/012019_moda|101785796|BR - Santander|UA-101785796-8|BR - Santander - Farol Santander|STANDARD|https://www.farolsantander.com.br|BRL|WEB|https://www.farolsantander.com.br|218018311|All Website data|6|0|0|6|0|47.0|6|2021-02-21 23:33:18.052801|basic|month
12|2020|/sp/aconteceu-no-farol/201809_001|101785796|BR - Santander|UA-101785796-8|BR - Santander - Farol Santander|STANDARD|https://www.farolsantander.com.br|BRL|WEB|https://www.farolsantander.com.br|218018311|All Website data|1|0|0|1|0|24.0|1|2021-02-21 23:33:18.052801|basic|month
12|2020|/sp/aconteceu-no-farol/201809_003|101785796|BR - Santander|UA-101785796-8|BR - Santander - Farol Santander|STANDARD|https://www.farolsantander.com.br|BRL|WEB|https://www.farolsantander.com.br|218018311|All Website data|3|0|0|4|0|102.0|3|2021-02-21 23:33:18.052801|basic|month
12|2020|/sp/aconteceu/abertura_adoniran|101785796|BR - Santander|UA-101785796-8|BR - Santander - Farol Santander|STANDARD|https://www.farolsantander.com.br|BRL|WEB|https://www.farolsantander.com.br|218018311|All Website data|2|0|0|2|0|112.0|2|2021-02-21 23:33:18.052801|basic|month
12|2020|/sp/aconteceu/flexibilidate_cognitiva|101785796|BR - Santander|UA-101785796-8|BR - Santander - Farol Santander|STANDARD|https://www.farolsantander.com.br|BRL|WEB|https://www.farolsantander.com.br|218018311|All Website data|2|2|2|2|2|0.0|2|2021-02-21 23:33:18.052801|basic|month
12|2020|/sp/aconteceu/inauguracao_vazios|101785796|BR - Santander|UA-101785796-8|BR - Santander - Farol Santander|STANDARD|https://www.farolsantander.com.br|BRL|WEB|https://www.farolsantander.com.br|218018311|All Website data|2|0|0|2|0|166.0|2|2021-02-21 23:33:18.052801|basic|month
12|2020|/sp/aconteceu/os_pontos_e_a_vista|101785796|BR - Santander|UA-101785796-8|BR - Santander - Farol Santander|STANDARD|https://www.farolsantander.com.br|BRL|WEB|https://www.farolsantander.com.br|218018311|All Website data|2|0|0|2|0|996.0|2|2021-02-21 23:33:18.052801|basic|month
12|2020|/sp/aconteceu/reinventando_o_trabalho|101785796|BR - Santander|UA-101785796-8|BR - Santander - Farol Santander|STANDARD|https://www.farolsantander.com.br|BRL|WEB|https://www.farolsantander.com.br|218018311|All Website data|1|0|0|1|0|0.0|1|2021-02-21 23:33:18.052801|basic|month
12|2020|/sp/agenda|101785796|BR - Santander|UA-101785796-8|BR - Santander - Farol Santander|STANDARD|https://www.farolsantander.com.br|BRL|WEB|https://www.farolsantander.com.br|218018311|All Website data|5594|1185|464|9395|1595|464101.0|6851|2021-02-21 23:33:18.052801|basic|month
12|2020|/sp/agenda/debate_c|101785796|BR - Santander|UA-101785796-8|BR - Santander - Farol Santander|STANDARD|https://www.farolsantander.com.br|BRL|WEB|https://www.farolsantander.com.br|218018311|All Website data|3|3|3|3|3|0.0|3|2021-02-21 23:33:18.052801|basic|month
12|2020|/sp/agenda/exp_1920|101785796|BR - Santander|UA-101785796-8|BR - Santander - Farol Santander|STANDARD|https://www.farolsantander.com.br|BRL|WEB|https://www.farolsantander.com.br|218018311|All Website data|948|147|69|1127|175|35758.0|1024|2021-02-21 23:33:18.052801|basic|month
12|2020|"/sp/agenda/exp_1920?amp;utm_medium=social-ads&amp;utm_campaign=caps|pf|awar|face-feeds|farol-snt|cpm|na|snt|rede-social|interesses&amp;utm_content=talentosnaarte|farol-snt|interesses|empregador-santander|video|caps-haus|social-ads|m6568-16449-1&amp;utm_mmm=:m6568-g16449-p16449[t550]5947:&amp;utm_adid=m6568-16449-1&amp;utm_publisher_id=&amp;utm_id=fb_cmp-{{campaign.id}}_adg-{{adset.id}}_ad-{{ad.id}}"|101785796|BR - Santander|UA-101785796-8|BR - Santander - Farol Santander|STANDARD|https://www.farolsantander.com.br|BRL|WEB|https://www.farolsantander.com.br|218018311|All Website data|1|1|0|1|1|0.0|1|2021-02-21 23:33:18.052801|basic|month
12|2020|"/sp/agenda/exp_1920?amp;utm_medium=social-ads&amp;utm_campaign=caps|pf|awar|face-stories|farol-snt|cpm|na|snt|rede-social|interesses&amp;utm_content=talentosnaarte|farol-snt|interesses|empregadores-santander|video|caps-haus|social-ads|m6569-16451-1&amp;utm_mmm=:m6569-g16451-p16451[t550]5948:&amp;utm_adid=m6569-16451-1&amp;utm_publisher_id=&amp;utm_id=fb_cmp-{{campaign.id}}_adg-{{adset.id}}_ad-{{ad.id}}"|101785796|BR - Santander|UA-101785796-8|BR - Santander - Farol Santander|STANDARD|https://www.farolsantander.com.br|BRL|WEB|https://www.farolsantander.com.br|218018311|All Website data|25|28|19|28|28|0.0|28|2021-02-21 23:33:18.052801|basic|month
12|2020|/sp/agenda/exp_1920?utm_mmm=:m6568-g16449-p16449[t550]5947:&utm_adid=m6568-16449-1&utm_publisher_id=|101785796|BR - Santander|UA-101785796-8|BR - Santander - Farol Santander|STANDARD|https://www.farolsantander.com.br|BRL|WEB|https://www.farolsantander.com.br|218018311|All Website data|51|51|49|53|52|44.0|52|2021-02-21 23:33:18.052801|basic|month
12|2020|/sp/agenda/exp_1920?utm_mmm=:m6569-g16450-p16450[t550]5948:&utm_adid=m6569-16450-1&utm_publisher_id=|101785796|BR - Santander|UA-101785796-8|BR - Santander - Farol Santander|STANDARD|https://www.farolsantander.com.br|BRL|WEB|https://www.farolsantander.com.br|218018311|All Website data|18|18|17|18|18|0.0|18|2021-02-21 23:33:18.052801|basic|month
12|2020|/sp/agenda/exp_1920?utm_mmm=:m6569-g16451-p16451[t550]5948:&utm_adid=m6569-16451-1&utm_publisher_id=|101785796|BR - Santander|UA-101785796-8|BR - Santander - Farol Santander|STANDARD|https://www.farolsantander.com.br|BRL|WEB|https://www.farolsantander.com.br|218018311|All Website data|40|37|38|41|40|199.0|40|2021-02-21 23:33:18.052801|basic|month
12|2020|/sp/agenda/exp_22|101785796|BR - Santander|UA-101785796-8|BR - Santander - Farol Santander|STANDARD|https://www.farolsantander.com.br|BRL|WEB|https://www.farolsantander.com.br|218018311|All Website data|1189|132|70|1676|185|70929.0|1305|2021-02-21 23:33:18.052801|basic|month
12|2020|"/sp/agenda/exp_22?amp;amp;utm_medium=social-ads&amp;amp;utm_campaign=caps|pf|awar|face-feeds|farol-snt|cpm|na|snt|rede-social|interesses&amp;amp;utm_content=jeeyounglee|farol-snt|interesses|artes-e-exposicoes|video|caps-haus|social-ads|m6290-15433-1&amp;amp;utm_mmm=:m6290-g15433-p15433[t550]5680:&amp;amp;utm_adid=m6290-15433-1&amp;amp;utm_publisher_id=&amp;amp;utm_id=fb_cmp-{{campaign.id}}_adg-{{adset.id}}_ad-{{ad.id}}"|101785796|BR - Santander|UA-101785796-8|BR - Santander - Farol Santander|STANDARD|https://www.farolsantander.com.br|BRL|WEB|https://www.farolsantander.com.br|218018311|All Website data|1|0|0|1|0|0.0|1|2021-02-21 23:33:18.052801|basic|month
12|2020|/sp/agenda/exp_23|101785796|BR - Santander|UA-101785796-8|BR - Santander - Farol Santander|STANDARD|https://www.farolsantander.com.br|BRL|WEB|https://www.farolsantander.com.br|218018311|All Website data|56|15|14|66|20|6766.0|60|2021-02-21 23:33:18.052801|basic|month
12|2020|/sp/agenda/exp_24|101785796|BR - Santander|UA-101785796-8|BR - Santander - Farol Santander|STANDARD|https://www.farolsantander.com.br|BRL|WEB|https://www.farolsantander.com.br|218018311|All Website data|5646|635|263|7913|864|376087.0|6627|2021-02-21 23:33:18.052801|basic|month
12|2020|"/sp/agenda/exp_24?amp;amp;utm_medium=social-ads&amp;amp;utm_campaign=caps|pf|awar|face-feeds|farol-snt|cpm|na|snt|rede-social|interesses&amp;amp;utm_content=exposicaorevoada|farol-snt|interesses|artes-e-exposicoes|video|caps-haus|social-ads|m6290-15454-1&amp;amp;utm_mmm=:m6290-g15454-p15454[t550]5680:&amp;amp;utm_adid=m6290-15454-1&amp;amp;utm_publisher_id=&amp;amp;utm_id=fb_cmp-{{campaign.id}}_adg-{{adset.id}}_ad-{{ad.id}}"|101785796|BR - Santander|UA-101785796-8|BR - Santander - Farol Santander|STANDARD|https://www.farolsantander.com.br|BRL|WEB|https://www.farolsantander.com.br|218018311|All Website data|16|20|16|24|22|124.0|22|2021-02-21 23:33:18.052801|basic|month
12|2020|"/sp/agenda/exp_24?amp;amp;utm_medium=social-ads&amp;amp;utm_campaign=caps|pf|awar|face-feeds|farol-snt|cpm|na|snt|rede-social|interesses&amp;amp;utm_content=exposicaorevoada|farol-snt|interesses|artes-e-exposicoes|video|caps-haus|social-ads|m6568-16466-1&amp;amp;utm_mmm=:m6568-g16466-p16466[t550]5947:&amp;amp;utm_adid=m6568-16466-1&amp;amp;utm_publisher_id=&amp;amp;utm_id=fb_cmp-{{campaign.id}}_adg-{{adset.id}}_ad-{{ad.id}}"|101785796|BR - Santander|UA-101785796-8|BR - Santander - Farol Santander|STANDARD|https://www.farolsantander.com.br|BRL|WEB|https://www.farolsantander.com.br|218018311|All Website data|2|3|1|3|3|0.0|3|2021-02-21 23:33:18.052801|basic|month
12|2020|"/sp/agenda/exp_24?amp;amp;utm_medium=social-ads&amp;amp;utm_campaign=caps|pf|awar|face-stories|farol-snt|cpm|na|snt|rede-social|interesses&amp;amp;utm_content=exposicaorevoada|farol-snt|interesses|artes-e-exposicoes|video|caps-haus|social-ads|m6569-16485-1&amp;amp;utm_mmm=:m6569-g16485-p16485[t550]5948:&amp;amp;utm_adid=m6569-16485-1&amp;amp;utm_publisher_id=&amp;amp;utm_id=fb_cmp-{{campaign.id}}_adg-{{adset.id}}_ad-{{ad.id}}"|101785796|BR - Santander|UA-101785796-8|BR - Santander - Farol Santander|STANDARD|https://www.farolsantander.com.br|BRL|WEB|https://www.farolsantander.com.br|218018311|All Website data|48|46|29|60|52|326.0|56|2021-02-21 23:33:18.052801|basic|month
12|2020|/sp/agenda/exp_24?utm_mmm=:m6290-g15454-p15454[t550]5680:&utm_adid=m6290-15454-1&utm_publisher_id=|101785796|BR - Santander|UA-101785796-8|BR - Santander - Farol Santander|STANDARD|https://www.farolsantander.com.br|BRL|WEB|https://www.farolsantander.com.br|218018311|All Website data|5|4|3|5|5|52.0|5|2021-02-21 23:33:18.052801|basic|month
12|2020|/sp/agenda/exp_24?utm_mmm=:m6568-g16466-p16466[t550]5947:&utm_adid=m6568-16466-1&utm_publisher_id=|101785796|BR - Santander|UA-101785796-8|BR - Santander - Farol Santander|STANDARD|https://www.farolsantander.com.br|BRL|WEB|https://www.farolsantander.com.br|218018311|All Website data|53|53|51|55|54|78.0|54|2021-02-21 23:33:18.052801|basic|month
12|2020|/sp/agenda/exp_24?utm_mmm=:m6569-g16478-p16478[t550]5948:&utm_adid=m6569-16478-1&utm_publisher_id=|101785796|BR - Santander|UA-101785796-8|BR - Santander - Farol Santander|STANDARD|https://www.farolsantander.com.br|BRL|WEB|https://www.farolsantander.com.br|218018311|All Website data|46|46|42|51|50|91.0|50|2021-02-21 23:33:18.052801|basic|month
12|2020|/sp/agenda/exp_24?utm_mmm=:m6569-g16485-p16485[t550]5948:&utm_adid=m6569-16485-1|101785796|BR - Santander|UA-101785796-8|BR - Santander - Farol Santander|STANDARD|https://www.farolsantander.com.br|BRL|WEB|https://www.farolsantander.com.br|218018311|All Website data|1|2|1|2|2|0.0|2|2021-02-21 23:33:18.052801|basic|month
12|2020|/sp/agenda/exp_24?utm_mmm=:m6569-g16485-p16485[t550]5948:&utm_adid=m6569-16485-1&utm_publisher_id=|101785796|BR - Santander|UA-101785796-8|BR - Santander - Farol Santander|STANDARD|https://www.farolsantander.com.br|BRL|WEB|https://www.farolsantander.com.br|218018311|All Website data|68|66|66|74|72|312.0|72|2021-02-21 23:33:18.052801|basic|month
12|2020|/sp/agenda/gastronomia_a|101785796|BR - Santander|UA-101785796-8|BR - Santander - Farol Santander|STANDARD|https://www.farolsantander.com.br|BRL|WEB|https://www.farolsantander.com.br|218018311|All Website data|5|1|1|5|2|51.0|5|2021-02-21 23:33:18.052801|basic|month
12|2020|/sp/contato|101785796|BR - Santander|UA-101785796-8|BR - Santander - Farol Santander|STANDARD|https://www.farolsantander.com.br|BRL|WEB|https://www.farolsantander.com.br|218018311|All Website data|676|161|73|963|205|67117.0|831|2021-02-21 23:33:18.052801|basic|month
12|2020|/sp/erro?returnTo=/sp/aconteceu-no-farol/012019_alemdoinfinito|101785796|BR - Santander|UA-101785796-8|BR - Santander - Farol Santander|STANDARD|https://www.farolsantander.com.br|BRL|WEB|https://www.farolsantander.com.br|218018311|All Website data|23|1|1|49|1|285.0|23|2021-02-21 23:33:18.052801|basic|month
12|2020|/sp/erro?returnTo=/sp/agenda/exp_24|101785796|BR - Santander|UA-101785796-8|BR - Santander - Farol Santander|STANDARD|https://www.farolsantander.com.br|BRL|WEB|https://www.farolsantander.com.br|218018311|All Website data|1|1|0|1|1|0.0|1|2021-02-21 23:33:18.052801|basic|month
12|2020|/sp/erro?returnTo=/sp/o-farol/loja|101785796|BR - Santander|UA-101785796-8|BR - Santander - Farol Santander|STANDARD|https://www.farolsantander.com.br|BRL|WEB|https://www.farolsantander.com.br|218018311|All Website data|1|0|0|14|0|55.0|1|2021-02-21 23:33:18.052801|basic|month
12|2020|/sp/erro?returnTo=/sp/o-farol/lojacidade|101785796|BR - Santander|UA-101785796-8|BR - Santander - Farol Santander|STANDARD|https://www.farolsantander.com.br|BRL|WEB|https://www.farolsantander.com.br|218018311|All Website data|1|0|0|17|0|292.0|3|2021-02-21 23:33:18.052801|basic|month
12|2020|/sp/erro?returnTo=/sp/planeje-sua-visita|101785796|BR - Santander|UA-101785796-8|BR - Santander - Farol Santander|STANDARD|https://www.farolsantander.com.br|BRL|WEB|https://www.farolsantander.com.br|218018311|All Website data|2|0|0|2|0|68.0|2|2021-02-21 23:33:18.052801|basic|month
12|2020|/sp/eventos|101785796|BR - Santander|UA-101785796-8|BR - Santander - Farol Santander|STANDARD|https://www.farolsantander.com.br|BRL|WEB|https://www.farolsantander.com.br|218018311|All Website data|610|39|11|712|52|31574.0|648|2021-02-21 23:33:18.052801|basic|month
12|2020|/sp/o-farol/arena|101785796|BR - Santander|UA-101785796-8|BR - Santander - Farol Santander|STANDARD|https://www.farolsantander.com.br|BRL|WEB|https://www.farolsantander.com.br|218018311|All Website data|162|3|2|168|3|4633.0|162|2021-02-21 23:33:18.052801|basic|month
12|2020|/sp/o-farol/bar|101785796|BR - Santander|UA-101785796-8|BR - Santander - Farol Santander|STANDARD|https://www.farolsantander.com.br|BRL|WEB|https://www.farolsantander.com.br|218018311|All Website data|838|91|26|1059|108|72790.0|919|2021-02-21 23:33:18.052801|basic|month
12|2020|"/sp/o-farol/bar?amp;amp;utm_medium=social-ads&amp;amp;utm_campaign=caps|pf|awar|face-stories|farol-snt|cpm|na|snt|rede-social|interesses&amp;amp;utm_content=bardocofre|farol-snt|interesses|gastronomia|video|caps-haus|social-ads|m6569-16443-1&amp;amp;utm_mmm=:m6569-g16443-p16443[t550]5948:&amp;amp;utm_adid=m6569-16443-1&amp;amp;utm_publisher_id=&amp;amp;utm_id=fb_cmp-{{campaign.id}}_adg-{{adset.id}}_ad-{{ad.id}}"|101785796|BR - Santander|UA-101785796-8|BR - Santander - Farol Santander|STANDARD|https://www.farolsantander.com.br|BRL|WEB|https://www.farolsantander.com.br|218018311|All Website data|30|27|23|39|32|512.0|32|2021-02-21 23:33:18.052801|basic|month
12|2020|"/sp/o-farol/bar?amp;utm_medium=social-ads&amp;utm_campaign=caps|pf|awar|face-feeds|farol-snt|cpm|na|snt|rede-social|interesses&amp;utm_content=bardocofre|farol-snt|interesses|gastronomia|video|caps-haus|social-ads|m6568-16441-1&amp;utm_mmm=:m6568-g16441-p16441[t550]5947:&amp;utm_adid=m6568-16441-1&amp;utm_publisher_id=&amp;utm_id=fb_cmp-{{campaign.id}}_adg-{{adset.id}}_ad-{{ad.id}}"|101785796|BR - Santander|UA-101785796-8|BR - Santander - Farol Santander|STANDARD|https://www.farolsantander.com.br|BRL|WEB|https://www.farolsantander.com.br|218018311|All Website data|1|1|1|1|1|0.0|1|2021-02-21 23:33:18.052801|basic|month
12|2020|"/sp/o-farol/bar?amp;utm_medium=social-ads&amp;utm_campaign=na|pf|awar|face-feeds|farol-snt|cpm|na|snt|rede-social|interesses&amp;utm_content=bardocofre|farol-snt|interesses|artes-e-exposicoes|video|caps-haus|social-ads|m6290-15418-1&amp;utm_mmm=:m6290-g15418-p15418[t550]5680:&amp;utm_adid=m6290-15418-1&amp;utm_publisher_id=&amp;utm_id=fb_cmp-{{campaign.id}}_adg-{{adset.id}}_ad-{{ad.id}}"|101785796|BR - Santander|UA-101785796-8|BR - Santander - Farol Santander|STANDARD|https://www.farolsantander.com.br|BRL|WEB|https://www.farolsantander.com.br|218018311|All Website data|1|1|1|1|1|0.0|1|2021-02-21 23:33:18.052801|basic|month
12|2020|/sp/o-farol/bar?utm_mmm=:m6293-g15437-p15437[t550]5682:&utm_adid=m6293-15437-1&utm_publisher_id=|101785796|BR - Santander|UA-101785796-8|BR - Santander - Farol Santander|STANDARD|https://www.farolsantander.com.br|BRL|WEB|https://www.farolsantander.com.br|218018311|All Website data|46|39|30|55|48|1184.0|48|2021-02-21 23:33:18.052801|basic|month
12|2020|/sp/o-farol/bar?utm_mmm=:m6568-g16441-p16441[t550]5947:&utm_adid=m6568-16441-1&utm_publisher_id=|101785796|BR - Santander|UA-101785796-8|BR - Santander - Farol Santander|STANDARD|https://www.farolsantander.com.br|BRL|WEB|https://www.farolsantander.com.br|218018311|All Website data|56|55|55|60|57|909.0|57|2021-02-21 23:33:18.052801|basic|month
12|2020|/sp/o-farol/bar?utm_mmm=:m6569-g16442-p16442[t550]5948:&utm_adid=m6569-16442-1&utm_publisher_id=|101785796|BR - Santander|UA-101785796-8|BR - Santander - Farol Santander|STANDARD|https://www.farolsantander.com.br|BRL|WEB|https://www.farolsantander.com.br|218018311|All Website data|32|30|31|37|34|360.0|34|2021-02-21 23:33:18.052801|basic|month
12|2020|/sp/o-farol/bar?utm_mmm=:m6569-g16443-p16443[t550]5948:&utm_adid=m6569-16443-1&utm_publisher_id=|101785796|BR - Santander|UA-101785796-8|BR - Santander - Farol Santander|STANDARD|https://www.farolsantander.com.br|BRL|WEB|https://www.farolsantander.com.br|218018311|All Website data|51|48|50|53|51|109.0|51|2021-02-21 23:33:18.052801|basic|month
12|2020|/sp/o-farol/boteco_28|101785796|BR - Santander|UA-101785796-8|BR - Santander - Farol Santander|STANDARD|https://www.farolsantander.com.br|BRL|WEB|https://www.farolsantander.com.br|218018311|All Website data|343|6|3|463|10|16082.0|353|2021-02-21 23:33:18.052801|basic|month
12|2020|/sp/o-farol/cozinha_31|101785796|BR - Santander|UA-101785796-8|BR - Santander - Farol Santander|STANDARD|https://www.farolsantander.com.br|BRL|WEB|https://www.farolsantander.com.br|218018311|All Website data|365|13|4|473|14|16839.0|376|2021-02-21 23:33:18.052801|basic|month
12|2020|/sp/o-farol/hall|101785796|BR - Santander|UA-101785796-8|BR - Santander - Farol Santander|STANDARD|https://www.farolsantander.com.br|BRL|WEB|https://www.farolsantander.com.br|218018311|All Website data|152|10|4|168|12|4668.0|156|2021-02-21 23:33:18.052801|basic|month
12|2020|/sp/o-farol/loft|101785796|BR - Santander|UA-101785796-8|BR - Santander - Farol Santander|STANDARD|https://www.farolsantander.com.br|BRL|WEB|https://www.farolsantander.com.br|218018311|All Website data|210|3|2|234|4|8573.0|214|2021-02-21 23:33:18.052801|basic|month
12|2020|/sp/o-farol/loja|101785796|BR - Santander|UA-101785796-8|BR - Santander - Farol Santander|STANDARD|https://www.farolsantander.com.br|BRL|WEB|https://www.farolsantander.com.br|218018311|All Website data|1|0|0|8|0|99.0|2|2021-02-21 23:33:18.052801|basic|month
12|2020|/sp/o-farol/lojacidade|101785796|BR - Santander|UA-101785796-8|BR - Santander - Farol Santander|STANDARD|https://www.farolsantander.com.br|BRL|WEB|https://www.farolsantander.com.br|218018311|All Website data|67|3|2|89|5|1981.0|74|2021-02-21 23:33:18.052801|basic|month
12|2020|/sp/o-farol/memoria|101785796|BR - Santander|UA-101785796-8|BR - Santander - Farol Santander|STANDARD|https://www.farolsantander.com.br|BRL|WEB|https://www.farolsantander.com.br|218018311|All Website data|316|30|8|372|38|16074.0|335|2021-02-21 23:33:18.052801|basic|month
12|2020|/sp/o-farol/mirante|101785796|BR - Santander|UA-101785796-8|BR - Santander - Farol Santander|STANDARD|https://www.farolsantander.com.br|BRL|WEB|https://www.farolsantander.com.br|218018311|All Website data|790|53|34|1078|68|64433.0|848|2021-02-21 23:33:18.052801|basic|month
12|2020|/sp/o-farol/skate|101785796|BR - Santander|UA-101785796-8|BR - Santander - Farol Santander|STANDARD|https://www.farolsantander.com.br|BRL|WEB|https://www.farolsantander.com.br|218018311|All Website data|184|10|3|202|14|7630.0|192|2021-02-21 23:33:18.052801|basic|month
12|2020|/sp/o-farol/vista|101785796|BR - Santander|UA-101785796-8|BR - Santander - Farol Santander|STANDARD|https://www.farolsantander.com.br|BRL|WEB|https://www.farolsantander.com.br|218018311|All Website data|260|23|16|290|26|12119.0|267|2021-02-21 23:33:18.052801|basic|month
12|2020|/sp/planeje-sua-visita|101785796|BR - Santander|UA-101785796-8|BR - Santander - Farol Santander|STANDARD|https://www.farolsantander.com.br|BRL|WEB|https://www.farolsantander.com.br|218018311|All Website data|12811|2566|629|20782|3058|1262632.0|16707|2021-02-21 23:33:18.052801|basic|month
12|2020|/sp/sobre|101785796|BR - Santander|UA-101785796-8|BR - Santander - Farol Santander|STANDARD|https://www.farolsantander.com.br|BRL|WEB|https://www.farolsantander.com.br|218018311|All Website data|854|87|60|1050|121|48679.0|913|2021-02-21 23:33:18.052801|basic|month
12|2020|/sp/tour-virtual|101785796|BR - Santander|UA-101785796-8|BR - Santander - Farol Santander|STANDARD|https://www.farolsantander.com.br|BRL|WEB|https://www.farolsantander.com.br|218018311|All Website data|44|23|37|67|50|3044.0|51|2021-02-21 23:33:18.052801|basic|month
